Voltage,Current,Power,Is_Malfunctioning
107.49080237694724,5.925664644193098,636.9544472210238,0
119.01428612819832,7.709504736891791,917.54120266314,0
114.6398788362281,9.364729179382042,1073.5714184584472,0
111.97316968394074,8.661124432047806,969.8135556834139,0
103.12037280884873,9.03280573930725,931.4662953472721,0
103.11989040672405,8.293916833553586,855.2677949185296,0
101.161672243364,8.461382822589263,855.9676358244051,0
117.3235229154987,9.245978257826597,1084.7707420083213,0
112.02230023486418,6.248340044295929,699.9534244116431,0
114.1614515559209,7.447124818215702,850.1745791656282,0
100.41168988591605,6.106047209098011,613.1185187887127,0
119.39819704323989,9.938340039983235,1186.6198823766388,0
116.64885281600843,9.720296698433067,1133.8614589034514,0
104.24678221356552,5.197134056842529,541.7845021583674,0
103.63649934414201,8.527875862578442,883.7992012390353,0
103.66809019706868,9.62624158707833,997.9340811080098,0
106.08484485919075,5.902876725636668,626.2057616620938,0
110.49512863264476,7.839726152763147,866.2515496942732,0
108.63890037284231,9.57744148794021,1040.482711635063,0
105.82458280396084,5.169729892928994,547.0845091283759,0
112.23705789444759,8.4871013362342,952.5672840309614,1
102.78987721304084,6.486745036862754,666.7717258514245,0
105.84289297070437,9.621980976882652,1018.418302702344,0
107.32723686587383,9.85529122582684,1057.7411757764853,0
109.12139968434072,9.72133244556717,1060.8054032570844,0
115.70351922786027,7.371071083287319,852.8588648150592,0
103.9934756431672,9.310213254946568,968.2014353609784,0
110.28468876827223,9.22274699267535,1017.1277816757198,1
111.84829137724086,6.595502366216278,737.6956704358398,0
100.92900825439996,9.144577370753387,922.9531249357677,0
112.15089703802877,5.185038173577463,581.5066823431348,0
103.41048247374583,7.981349392410265,825.3551914606836,0
101.30103185970559,6.150044186438516,623.0058220690051,0
118.97771074506667,5.6028344288863945,666.6124140325463,1
119.31264066149119,5.384766008146046,642.4706517761415,0
116.16794696232922,8.4814438793907,985.2719227450306,0
106.09227538346741,6.699374818840331,710.7519181774755,0
101.95344228012767,8.623833857643808,879.2295474386988,0
113.68466053024314,5.326781703994712,605.5733697373489,0
108.80304987479202,6.576451689153052,715.5380011340798,0
102.44076469689557,7.697456461876686,788.5333261757079,0
109.9035382022254,8.953615824194818,984.0340587824451,0
100.68777042230437,6.59376251466035,663.9112462953176,0
118.18640804157565,8.129456882185046,960.7913082343172,0
105.17559963200034,9.429888741180935,991.7942028167538,0
113.25044568707963,8.079315940911522,914.9861311549571,0
106.23422152178821,6.1647973737681685,654.9124498418258,0
110.40136042355621,5.12200390778269,565.4761995139802,0
110.93420558686559,9.350494369504649,1037.289664725458,0
103.69708911051055,5.106347054251936,529.513325513956,0
119.39169255529117,9.373508363420997,1119.1190286900103,0
115.5026564672223,7.6446856701360595,882.9815027576224,0
118.78997883128378,9.695338492564481,1151.7090542938654,0
117.89654700855297,8.993916178868327,1060.3516615729347,0
111.95799957622171,9.989670552666688,1118.4235315020514,0
118.43748470046233,6.753559077258551,799.8745498864781,0
101.7698500410384,8.835941444655635,899.2324357940001,0
103.9196572483829,7.00965456804621,728.4409001409236,0
100.90454577821076,7.399378101519544,746.630886375069,0
106.50660661526528,8.13752731609185,866.7004206759702,0
107.77354579378964,9.368385570931693,1009.6641313426849,0
105.42698063547792,9.920417345996476,1045.8796474322298,0
116.57475018303859,8.84136706932259,1030.680157382825,0
107.1350665338718,7.088833910836669,759.4626926850532,0
105.61869019374761,7.106785011385351,750.6093243910784,0
110.85392166316497,8.687911507944458,963.0890617181843,0
102.81848449949526,6.1938857288415115,636.8459438025358,0
116.0439396150808,5.5523705656569735,644.3189546416498,0
101.49101287359542,6.773110788203883,687.4098741998882,0
119.73773873201034,6.436194958270409,770.6554303416644,0
115.44489538593315,6.48154060227995,748.260776769887,0
103.97431363068345,6.168038755249549,641.317596024527,0
100.11044234247206,5.21046594818181,521.6220508828691,0
116.30922856909669,5.089369673667069,591.9406606471722,0
114.13714687695234,9.938611948680158,1134.3648117395408,0
114.58014336081975,7.138865668679312,817.9722517509099,0
115.42540693371892,6.921633235798408,798.9323328879849,0
101.48089303468181,8.39823641346535,852.260531154847,0
107.16931457088545,6.091269439325321,652.7971706790763,1
102.3173811905026,9.749805919751127,997.5746088245949,0
117.26206851751186,8.93172507207776,1047.352557381561,0
112.46596253655116,5.4470550115612975,612.6082848647861,0
106.61796049705299,7.087903878924642,755.6978557700962,0
101.27116700572047,9.395591537810823,951.5025197431739,0
106.21964643431325,9.72366011145705,1032.8437390864028,0
106.50366644053494,7.337007556249349,781.418205442465,0
114.59212356676127,8.067056946053539,924.4211863822669,0
112.75114942710427,5.835169730460376,657.9220942116536,0
117.74425485152653,9.955843130684883,1172.2433308411808,0
109.44429850323898,6.158358506917217,673.997226721009,0
102.39188491876604,9.713658870675628,994.5998412263698,0
114.26489574445989,8.248233244961842,942.483511811553,1
115.21570097233794,8.038683974394296,926.1826090049383,0
111.22554395138992,7.563442555082543,841.2480123341463,0
115.41934359909122,6.153349058588793,710.2155092784044,0
109.87591192728782,5.882640160027542,646.3604521231125,0
110.45465658763987,6.102431045350877,674.0419254639834,0
108.55082036717099,5.932191310721272,643.9442333537975,0
100.5083825348819,8.897922367833766,894.3157851119183,0
102.15782853986609,6.7506262958336505,689.6293236664854,0
100.62858371373468,5.289213382816982,532.2460516726045,0
112.72820822527561,9.845513150704058,1109.8670565372563,0
106.28711962152653,9.41892942481713,1001.1108784822543,0
110.17141382329406,9.638761415976065,1061.915972703499,0
118.15132947852186,9.974539113232176,1178.505057163898,0
104.9858445829775,5.869476246097436,616.2119209562637,0
108.2076584607126,6.981210094513294,755.4203975495736,0
115.11102277086097,8.791192378520456,1011.9631460668877,0
104.57596330983245,8.480103090268962,886.8149496315636,0
101.53959819657587,5.769479531699275,585.8306334521131,1
105.79502905827536,9.079165624953088,960.5305911168067,0
103.22442574508008,6.122202859183304,631.960874434084,0
118.59395304685145,6.119088074113115,725.6868437509195,0
116.16240759128834,7.684872114467067,892.6932468476493,0
112.66807513020846,7.964699674208516,897.3673812832719,0
117.42921180375436,7.900431039189056,927.7413898418868,0
116.07344153798229,5.457434186988774,633.4631680508273,0
103.73140117772071,9.387304313151901,973.7582296849079,0
117.85117996979956,6.328000212943531,745.762291944538,0
110.78684483831302,5.647574606414021,625.6769716335868,0
116.14880310328125,9.443740399344886,1096.8791442020117,0
117.92182599846987,9.778257491148768,1153.0699784394797,0
106.36006949943727,9.310638086327252,990.2801139458742,1
102.20103849055353,9.04758037362439,924.672110011163,0
104.55870325083883,8.27620990319511,865.349775309831,1
108.54215577252512,7.754286853045697,841.6670115081296,0
116.36029531844986,5.434933799557051,632.4105019526831,0
117.21461166512687,7.042266065353493,825.4564820929106,0
100.13904261062382,6.86344258506157,687.2985694810507,0
110.21494605155132,6.298768918801631,694.21847657691,0
108.34822006297559,8.617100568442925,933.6475086944461,0
104.4421562094146,7.479378675393854,781.1624359648495,0
102.39730734667366,5.40523107953824,553.4811081312698,0
106.75230342807257,6.1009160097490565,651.286837061917,0
118.85819407825039,8.41629381829798,1000.3454840748403,0
106.4640586404151,5.380654297451501,572.8462946476781,0
110.37581243486733,9.256034570243845,1021.6423356158824,0
114.06037917790356,7.475732635069871,852.6848989886976,0
107.27259204758587,7.40293288663324,794.1317995034648,0
119.43564165441921,7.9620389232975874,950.9512276815085,0
119.24894589884222,9.123404829625745,1087.9564089412763,0
105.03564591650728,6.739046039510965,707.8400536211144,0
109.9449701178477,8.390080762795318,922.4471787518601,0
106.0175661963354,7.828659819978956,829.97546069321,0
105.69680988754935,6.335141350847106,669.6042309712392,0
100.73773894709066,9.39314993177579,946.244685718112,0
112.19128667959794,8.987130108034641,1008.2776903773604,0
110.05358046457724,8.292259173292127,912.5928121610339,0
101.02957502499979,9.252908645471209,934.8174281971026,0
105.57292928473223,9.336471004799012,985.6785931585989,0
118.16531771933307,8.541814883575174,1009.3462696173885,0
104.79123781333945,9.18506664181836,962.5145027941588,0
102.89789744182445,8.487357308346418,873.331221866349,0
109.78905520555126,8.400703858801503,922.3053397194458,0
119.71300908221201,8.093056891075921,968.8441931042303,0
104.84110543023002,8.763583197788206,918.7837499859056,0
113.44271094811756,5.793025526465368,657.1765203138774,0
115.23239230657435,9.404353795994641,1083.6861860098763,0
104.752750879848,9.359217638726161,980.4037937397608,0
114.5643269722372,5.146236415172796,589.57511134429,0
107.35566265438507,9.129083752823814,980.058835711781,0
112.64611661187159,5.644349337367226,635.8140336552086,0
112.67059421521789,6.67559427129571,752.1431732865921,0
110.71549368149518,8.71754128145804,965.166886665441,0
101.80579540108816,5.803799480241541,590.8604224344122,0
116.70604991178476,9.08983512059531,1060.8387512740903,1
106.41560129943471,9.16067088978871,974.8383010430932,0
103.73037020799708,7.537338668804181,781.8509304981096,0
100.81550283109527,5.031929358584168,507.29648849621356,0
111.81785886376484,6.435190665874564,719.5692416381788,0
113.55128723684565,8.08463459187871,918.020664747358,0
100.33175657855712,9.905930890137117,993.879446753247,0
110.24186116598563,8.159067635083343,899.4708014707445,0
104.52991550395876,6.299017905320799,658.4358094011064,0
112.903455808189,8.170028515498057,922.4244534511788,0
103.48732858009983,7.699926898579277,796.8448649960227,0
113.81875476204932,8.899226975755719,1012.898932725354,0
107.73470692601074,5.534903194134792,596.3011734839525,0
118.73459977473469,8.80513951251014,1045.4747159785938,0
102.75041888291986,7.7063328933805515,791.8289328460754,0
106.82132702100517,9.814960019294972,1048.4470539191996,0
102.26947042481179,6.709360830193431,686.1627789928577,0
118.49387236557126,8.163109465669741,967.2784511312569,0
117.54678706761962,9.660140527550087,1135.5184816352128,0
105.15883255430312,5.512548639953396,579.6931793763106,0
113.19968092068358,9.686142436182255,1096.468233128124,0
116.34444400402433,8.439428611504066,981.8806295170956,0
111.10401623198925,5.339185295525859,593.2049297397034,0
110.59301156712013,6.504817834734081,719.3873940387556,0
104.83704581800903,8.540860443226407,895.3985776117478,0
101.86205535611798,5.336753007343859,543.6126302559892,0
117.94431515906653,7.910852300881366,933.0400569519785,0
118.00836114326661,6.729415284764784,794.127269207541,0
112.66202914546535,8.104577588837385,913.0781565252828,0
106.78059582097401,5.228710169062564,558.3247872276864,0
106.98419149225322,9.357684030761881,1001.124260271029,0
114.5191135774048,9.867444845886984,1130.011037024909,0
117.94220519905154,9.844389276428458,1161.0689800998678,0
117.74172848530235,8.748259158714625,1030.035154584437,0
115.59751091715248,5.65043120065316,653.1757824041226,0
112.84063292308575,8.791315979645113,992.0176593699921,1
101.68279929990098,5.1229345822940076,520.9143289579237,0
103.23257428189227,5.110617757644986,527.5822272924438,0
117.97108377054158,6.618051095747706,780.7386602141771,0
112.12858119319179,7.443215952023329,834.5972442149082,0
100.1839410323326,8.852037089038966,886.8319617443009,0
102.02943085732065,8.416476883032527,858.7283461996047,0
113.27003538216111,7.229513531883741,818.8872535522839,0
100.10123167692437,6.3681333314083295,637.4579899568494,0
103.21616102834997,9.985622500788555,1030.6776200097063,0
110.97467578733172,7.130906511179864,791.3500381479582,0
113.83790395385387,7.256935121648377,826.1142833775568,0
113.03922519005201,5.8181191059583455,657.6756758009694,0
104.4853861892112,8.974047743749647,937.6568441861014,1
114.24358442695072,8.468411128907443,967.4616417674665,0
104.744981749936,6.103848063943802,639.3474540621758,0
106.50799396318536,5.411905228079213,576.4111693615921,0
114.92982810236049,8.402496510373565,965.6974795679176,0
112.9926579809443,8.272556071405676,934.7380988045257,0
116.98446820988356,6.366297634991047,744.757943295267,0
113.15225784600686,9.75431781125205,1103.7230840906893,0
111.36617206670942,5.755289458904501,640.9445561740777,0
101.87349535656185,7.16167400521301,729.5847635152772,0
107.35431606118867,9.718079600837994,1043.2777889761521,0
105.3040473536345,7.098636584630611,747.5151630541842,0
104.87979286758167,8.192629738320427,859.2413099958362,0
119.46021109504892,6.987971989813971,834.7846090294661,0
107.8619544933352,6.37107601174335,687.1967108522407,0
117.84093110354226,9.91988823979914,1168.9688666210097,0
112.62277251994526,7.046670031575215,793.615515989211,0
115.89622607083297,9.470496018395671,1097.5947475509083,0
110.05274186210384,6.149773029455431,676.7993837211868,0
111.53807769252718,6.065523520125416,676.5368336335996,0
109.85035387637728,5.1556704144225565,566.3522194942866,0
103.90485975596089,8.258334126879426,858.0810492712724,0
114.44904230523011,6.842631718618806,783.1326470433131,0
105.61544724881712,9.321791249198185,984.525151944176,0
100.48631932862908,7.366049533457786,740.1872056095383,0
112.90944591814336,9.840967139573609,1111.1381470279123,0
103.54221358814098,5.927627578515605,613.7596808056178,0
118.80917168705828,9.343115839778054,1110.0478539002645,0
119.07857154005174,8.882984263958708,1057.7730771649608,0
118.29728780440897,8.85460922322026,1047.4762556748612,0
107.4031740051089,9.22391614058444,990.677870255723,1
100.30913233057734,8.805119954714995,883.2339427241136,0
118.5663712517545,8.131101608157078,964.0752119584902,0
108.56368296634629,5.656224388411938,614.0605512900696,0
119.3330963808734,5.16263089745626,616.0727304650228,0
119.27239954178506,9.604239239078435,1145.5206598182529,0
117.0601891093472,8.08325157260369,946.2269577074161,0
105.88897784139172,8.98268645488088,951.1674869770511,0
107.7019545720385,7.4076117575627505,797.8142650003216,0
117.02273343033714,5.586540944811972,653.7522917823952,0
106.33844010312555,5.625928961012752,598.2525098450939,0
103.38985493372185,8.427826436144857,871.3517526396028,0
111.136025249167,7.1515294744973135,794.7925602478955,0
118.72309548321562,6.002623633501684,712.6500587900271,0
113.92059593349946,7.457972733707185,849.6166982797125,0
111.40122340178729,5.3210446853756705,592.7708877264281,0
101.94352987541536,7.909857009571994,806.3587443655662,0
112.3001445339834,6.344967022175489,712.5407136536656,0
119.80107700208526,8.987795503185941,1076.7475811561746,0
102.80168030473048,6.551809794617869,673.5370559237081,0
110.36659304727473,7.276100745409006,803.0384499395282,0
117.54746143855911,5.058102699540504,594.5671320265091,0
114.8153723550841,5.362234438972794,615.6669437659168,0
113.94031481990535,6.962467782033424,793.3057710083365,0
114.04968167974218,7.399694173585617,843.9327650248825,0
107.18982302439511,8.000102740596517,857.529596941519,0
105.87183688528987,6.458312893546516,683.7534492197212,0
116.18722310957027,8.474909430632714,984.6761928503242,0
116.20226789358361,9.300611985946023,1080.7522055651746,0
117.34144637160207,8.89925494446675,1044.2514468133597,0
118.26481105112943,5.198094126741786,614.751619725103,0
110.22684797721875,7.4025347362891445,815.9580710230247,1
110.03032589374399,5.524650892090874,607.8791381059224,0
115.9659035793355,6.210225079312638,720.1743627535405,0
112.9992786155553,9.933312966335732,1122.4571994584794,0
114.03933754515407,5.712477714507566,651.4471743038986,0
115.91585338872201,7.49444076725678,868.7244972077982,0
117.80010683635132,8.090778671590595,953.0945919026447,0
106.75990313703072,8.51232485272052,908.774976747382,0
107.51165905279888,7.798243417434571,838.4020875059587,0
101.87963879681737,5.048854237095918,514.3754460131131,0
111.56560281992348,6.632306541219959,739.9372773577264,0
100.71884547593484,7.588558216923557,764.3108224354594,0
109.3119603626492,5.439332495724167,594.5840981718699,1
110.85289269415154,6.753134656045904,748.6045113758125,0
105.73082504256568,5.166015543956833,546.2070856452747,0
111.81666521138021,5.3928924857751035,603.0152536028828,0
100.610004998781,6.98461638100798,702.7222890077804,0
100.7469637749843,5.6635787702153015,570.5883651996511,0
116.45201121319317,7.83770424130779,912.7164221944665,0
107.20381282822525,8.447324845686328,905.5854316561739,0
102.54121025303769,9.002933495545413,923.1716964608378,0
110.44486520109609,6.00075122122405,662.752159733403,0
115.39987106197222,5.837412911295349,673.6366972989752,0
104.31642054993686,5.522839201672001,576.1228167912941,0
112.45780951638001,8.182151247718183,920.1468064501024,0
101.70694929987536,8.532378632434506,867.8022009763562,0
101.03363442337215,5.15793072412821,521.1244871626487,0
110.62709263136296,9.68106123121845,1070.9876575959001,0
110.81270243220213,5.259856418257362,582.8589041124616,0
112.74859802996413,7.706481676505352,868.895004769586,0
114.52182667445322,8.545302597254583,978.6236629235443,0
119.5170415892507,9.354845618730428,1118.0634728748241,0
110.32600696602391,8.570434660662139,945.5418340740639,0
106.45912945882492,9.00864041534896,959.0520162256372,0
115.90372389537407,6.69725096271403,776.236326440435,0
105.41664502524148,9.074125568732562,956.563873993548,0
108.77942841411272,5.400574231923375,587.4713780566105,0
101.56912762684532,9.474083280302638,962.27437384442,0
100.50701486830916,7.737961880768681,777.7194498008273,0
119.2529682935585,9.086488849812469,1083.5907667064591,0
116.71960241024412,7.261591422591501,847.570063710519,1
113.91948412187396,8.217888475982624,936.1776157550336,0
108.1790588882854,7.632013304680566,825.6240167232165,0
103.46588640141691,8.65794760877666,895.802223759105,0
103.12874085342172,5.4081499101529475,557.7356905806192,0
105.00485796329191,5.301760419952819,556.7105998525486,0
110.98453329412241,6.235516170050732,692.0458519810342,0
114.29191845400125,5.797723400565942,662.6329301163374,0
113.20394753435463,9.358917832961009,1059.4664433408539,0
105.59867793891885,6.096069936790221,643.736925948236,0
119.09730561326388,9.879326279095658,1176.6011411146046,0
114.75793833391538,6.684478958855534,767.0970241546983,1
111.08708105022801,5.9105895784434965,656.5901435551857,0
112.23441492468704,8.948492535712395,1004.3288242036099,0
108.3920012485558,8.29353887750438,898.9532763654008,0
104.95461979002314,7.490978582265695,786.2128089569027,0
107.11945357302523,7.776817754688157,833.0484684191963,0
115.15692220928739,8.596008891361318,989.8899272128381,0
100.28786977259512,6.142273706656494,615.9955456008015,0
102.32145281013833,9.98166958028371,1021.3389329253928,0
100.92005284043506,9.873965810733916,996.481151363916,0
100.8145760463794,8.251628431734684,831.8844220375827,0
117.10921168022014,5.997712254645726,702.3873540263567,0
114.07315718760047,8.401141212156457,958.3447020495519,0
109.4834765817465,5.360992044895879,586.9400470022873,0
101.95668321302003,5.15326251102903,525.409553350519,0
109.83231750233665,6.288414442556069,690.6711316410974,0
109.46943541561131,7.313114783696582,800.5625465008253,0
103.4640373982003,9.341362527041902,966.4950818480103,0
108.67703298475946,8.635845348831541,938.518049826247,0
107.97009468794747,8.713532605999905,940.8009405363274,0
112.31700196104433,7.127466672240377,800.5356882033005,0
112.70187301735288,6.729674962734815,758.4469730981981,0
100.9060801954409,6.855193814923013,691.7307368439119,0
107.49225229252943,9.938247818680289,1068.2846418712618,0
112.51719831428473,5.200545957062412,585.1508607933431,0
110.06272517160176,9.335157480612242,1027.4528722222474,0
117.12979682376644,7.893377042861967,924.5496492838046,0
113.1738726323789,7.193077095947952,814.0683910916955,0
103.2586885416286,8.626288302075682,890.7392170543271,0
101.4113749480086,7.433344707123514,753.8257072118979,0
112.84838556412632,9.367116190408304,1057.0639394791663,0
100.53022621083244,9.503509320056292,955.3899417420134,0
111.71551162546926,7.108604634367277,794.1414036715222,0
118.80460482849915,6.384138986175258,758.4651094227668,0
111.50948355751758,7.961751642966811,887.8108139204462,0
107.76339852413044,9.561816728083455,1030.4138666831543,0
112.86576436884707,6.053310945028333,683.2115667729307,0
109.16505780983033,8.114832917817413,885.856204590652,0
110.91233578631869,8.157801100462603,904.8007749325084,0
118.8292961755305,8.665565112076404,1029.7230032312712,0
107.72205275601549,5.6578384256362995,609.473969371405,0
119.22381127647829,8.579124823410442,1022.8359588636366,0
118.10701283912127,9.545162603328205,1127.3506421427844,0
103.91582269578593,5.898415544351209,612.9387038928679,0
101.38722601750331,6.187716624619388,627.3554239525486,0
102.01556002754853,9.856975470208198,1005.5648727710978,0
100.364436513031,5.904884763547448,592.6404319678219,0
101.88885921511857,9.271925466847897,944.7059085447379,0
113.66013546832714,7.461389282240174,848.0625166013424,0
101.42377296920458,6.236155372015885,632.4944066520246,0
106.37951260587522,9.353749506362558,995.0473135242949,0
116.89750621938909,7.2265262750133274,844.7629001779491,0
100.46543871471651,7.574086769648451,760.9339501760617,0
116.28936965177871,6.796166846998828,790.3219586858102,0
105.637095495468,7.964754257174637,841.3735060630925,0
102.36329655243313,5.817619362925114,595.5106960762805,0
113.93474330728301,6.955407683258803,792.4625889895958,0
112.57885693559768,9.847061611676438,1108.5709404169377,0
117.54944027054106,6.2906671635056375,739.4644039983599,0
114.70142087607772,8.28368332270646,950.1502472018997,0
116.06961860769697,6.625950321123474,769.0715266863489,0
105.64069145142614,8.867365628433003,936.7546363402723,0
103.54879087559446,5.654368303591749,585.5030010022118,0
115.01229503281716,9.849105225392723,1132.768195992129,0
116.13669478534528,7.268947706918196,844.191561248994,0
119.81010284001347,6.18025231673232,740.4566656449307,0
108.25235353822853,5.367483736650064,581.0427470705346,0
107.44036171585566,5.848789525437704,628.3960622129347,0
115.52825921483993,7.598869742780089,877.8841933837022,0
106.81607080506036,6.685015882156431,714.0671298013744,0
118.61514651207129,9.144416829413046,1084.6663419882789,0
117.16825503686024,7.1544376183090295,838.2729715073393,0
108.57988054750037,6.24357136293815,677.9262327776183,0
115.01742135582995,8.08572493302015,929.9992315885186,0
115.09085748169365,8.533886084427229,982.1722671078228,0
102.06247737671865,5.835209539504749,595.5559416141163,0
118.05105813359134,5.838096081441588,689.1934198997527,0
110.10504744895714,5.183357134667715,570.7137832574792,0
116.52914932215484,8.682010075328202,1011.7072484843728,0
106.40099202061224,8.319022638109026,885.1522613367309,0
117.91046456992402,7.373154378749069,869.3720581440722,0
107.78403357468326,9.220852244845986,993.8606479456733,0
100.21675302960597,9.028350764750266,904.7919988556316,0
118.10763952838528,7.926771821983761,936.2123089746198,1
101.82573353572268,9.341356402566294,951.1904679099324,0
106.38627275180829,6.029206050183841,641.4247593317109,0
119.0012393410161,5.55959809698864,661.5990637796027,0
119.01214293875113,6.348748057584948,755.5781113114184,0
111.46875776246573,5.285434280446574,589.1607934765315,0
112.63674424339598,7.65584764000516,862.3297525936679,0
108.9689104395664,9.683028461474807,1055.1490612022208,1
105.86421543396129,5.196717703342548,550.146442496136,0
106.57329090739832,5.610549570050134,597.9347314793315,0
113.45036912154077,7.260995141417176,823.7625789834927,0
115.0474905887536,9.669375087639525,1112.4373393943367,0
115.83158087451697,6.580780524883752,762.2622115855186,0
115.79236285589107,7.536174043441962,872.6313993833794,0
101.8241220609738,5.2078642952519605,530.2862096767229,0
109.88840609405163,5.741716004810444,630.9480200133257,0
101.15117520033289,9.933150614794235,1004.749858128346,0
110.9905776464747,9.825593482180228,1090.5482963066204,0
108.83061002746754,5.024699904672048,546.841155830417,0
117.754083655166,9.759058927116195,1149.169041299335,1
107.01830025104158,8.195599689077502,877.0791482630392,0
102.34134032855212,9.33959147260011,955.8263094270112,0
102.85983364105672,7.273699278169295,748.171497707568,0
115.23021263434944,7.577980142896251,873.2122632048129,0
112.36436126632522,7.444232901284601,836.4664750706072,1
102.0224535224558,8.334321287730521,850.2879062187011,0
101.68213612229995,5.698256273781564,579.4108700904068,1
114.0193826291824,5.14986794936339,587.1847642082273,0
101.45526012728386,6.539649707955954,663.4818622619873,0
116.43720118580713,8.523403813683235,992.4412846417105,0
114.12484454312992,6.009267260614742,685.8066919357776,0
101.626975612838,8.367162166624587,850.3293854562176,0
101.69675428170383,9.849560230536351,1001.6683065476975,0
119.73279157002351,5.469503578947092,654.8789320095698,0
107.4854159151224,8.363010591125631,898.9016716897121,0
107.41284294133781,7.218751096522856,775.3865777634196,0
116.25599134515005,9.340711271887526,1085.9136487821017,0
118.94497154767717,5.885748947236929,700.0802410658674,0
119.72002127645742,8.463129761130823,1013.2060750680021,0
115.06756370517883,9.190576448240552,1057.537240945236,0
107.52519171061832,9.723071097370116,1045.4750837606937,0
101.67001433397337,8.41624014144823,855.6792558192035,0
115.54293831854874,7.485873820042137,864.9398570495674,0
111.1680849947161,8.08923620100607,899.2648975357771,1
108.48444018493953,9.34452492239359,1013.7355550000842,0
118.12708770189472,7.853048733194148,927.6577764332784,0
102.22394964612303,5.151935298484184,526.6511745323311,0
109.85250208581718,9.65474347753489,1060.5977280039313,0
100.22707289534839,8.447633755157806,846.6816041714071,0
109.37321283988253,8.382566928886233,916.8282768576344,0
101.12606551363675,6.078375761988585,614.6822255233594,0
102.37635832536144,8.294427351163286,849.1532666063711,0
102.3505249355421,6.969322028270792,713.3137680383525,1
112.98420604232128,8.256164885207461,932.8162345096575,0
114.92089758530847,5.532965151539954,635.8533215232038,0
111.6673753019432,8.28922652301518,925.6361691083579,0
119.24345096949084,9.997068628853333,1192.0849628833073,0
107.49741159047409,5.24106019430278,563.400404877416,0
105.71424172563721,9.885870921106587,1045.0773482223094,0
117.3719825637892,7.0345398036143525,825.6578831741049,0
104.47191677038906,9.353767251686296,977.2059938077615,0
119.26445078881223,8.911927420291367,1062.876129250806,0
100.24308949379633,7.835081304933339,785.4127564416033,0
119.39757653415278,8.692246046256633,1037.8331125616132,1
100.86319823901152,9.39257780650674,947.3654372730293,0
117.82286227396142,7.020701608255164,827.1991586560276,0
110.554022181726,6.635165807816193,733.5442678967413,0
119.85929592238601,8.337966927817924,999.3828453923962,0
101.47593129470798,9.039229709706293,917.2642529792389,0
111.07708568802641,8.811425673883079,978.7474846115866,0
119.38605071238197,8.989068244293172,1073.169357270247,0
110.46195688340298,7.177916574064665,792.8867111169947,0
112.58797276270525,9.089171080875108,1023.3313460891349,0
113.91497377969235,5.601045276853042,638.042925851584,0
109.09082129535547,7.722445489804247,842.447920891359,0
112.55116160168127,5.028793302490608,565.9965276500728,0
111.686286238462,6.622929149501351,739.6903607282616,0
118.02316020981978,6.83230767435699,806.3705432534163,1
100.90892760682915,6.980863458046277,704.4314453211507,0
105.6192637918446,8.477336033449312,895.3699907689925,0
119.00822968153118,6.942790506351729,826.2492072106608,0
117.80527567781833,7.2434681131126535,853.3187579287227,0
109.11313505571425,6.187720654371637,675.1615994474851,0
112.40265195603074,6.8662589581467,771.7857159125417,0
105.54762365962266,6.136348136315757,647.6769637362823,0
103.76242319447523,5.365979618842218,556.7870480632351,0
109.27396809879964,8.01724296690689,876.0759522061093,0
107.06704456052105,8.341063992775082,893.0530701966073,0
111.67312223701744,8.097451730048073,904.2677168580068,0
101.5546927392997,7.317470219002862,743.1234397198117,0
119.48789615332333,6.8989289008961485,824.3385000794401,1
119.72421488959206,9.316668247859127,1115.4307913617254,0
113.9632342803949,7.59540892568109,865.5973668527965,0
110.72192732688241,7.395909388148655,818.8893417908027,0
106.19055232572656,5.1282103290321785,544.5674872824229,0
116.27590039413897,6.7062391381307815,779.7739940445712,1
113.69462345107759,6.900978093929285,784.6041058334253,0
103.25233878689782,6.994113904484502,722.1586183799865,0
118.21854368987685,7.900861846136662,934.0283813451881,0
116.45074485846338,7.668012733634392,892.9457944159069,0
118.99599826583848,8.039525463967223,956.671358168408,0
114.5143901677672,8.824416307710642,1010.5226520639841,0
112.2683039187158,9.064928693580468,1017.7041695723793,0
108.36486072581238,8.590615381132473,930.920839325442,0
118.65456966708027,9.777618479774674,1160.1591130865554,0
117.32127779000817,5.091162913381808,597.3017384350544,0
100.90437340212378,5.978889928417731,603.2961418672598,0
100.52733948994504,5.0378143748907105,506.4380759519637,0
107.529267337561,8.237373570773014,885.7587448510109,0
116.21106661563665,9.490152744749935,1102.8607728127017,0
119.74552258629889,6.217411482881497,744.5071871517004,0
103.00833782207056,9.635172723981533,992.5031269258895,0
111.8826143070427,5.301336951447804,593.1274374505082,0
107.61781713262043,9.67218013402757,1040.8989129375432,0
119.39828795629207,6.7581134361981725,806.9071740964758,0
116.84237846271418,5.5071041422460825,643.4631464218977,0
116.76657409422276,7.429358795931629,867.5007743177162,0
109.3738631958994,6.28388283860254,687.2925419283741,0
108.2963900467533,6.424364509809614,695.7354847568611,0
105.46814143861413,6.536449824631433,689.3872146106324,1
101.12750993301854,9.015129489163318,911.6775969628118,0
117.29444752510106,7.695806383376272,902.675357998266,1
116.25802018260156,6.556538495780018,762.2501847703974,0
119.99435346572261,8.051668916554592,966.1548059620235,0
119.93273674147811,8.580753371115968,1029.1132351016022,0
111.10863411205256,6.363120003667669,706.9975722985936,0
115.37974830361021,7.067745507626757,815.474697743947,0
118.89531459764856,5.609430466684738,666.9350000501165,0
116.99294781354823,5.905746747673401,690.9307210505864,0
104.94696203486396,8.405589269824914,882.141057980975,0
109.01088270620187,5.907191738478135,643.9481857262847,0
102.5831883030299,7.625816918335301,782.2806128980213,0
119.08102054517445,8.545231308612163,1017.5748650241129,0
112.1234926890176,5.534384615473719,620.5345329712791,0
104.57285611006925,7.836561098144518,819.491576114033,0
113.43401368811713,6.282813918506819,712.6848000317954,0
112.36256480915792,9.8146343761879,1102.7974911726021,0
107.16325436065681,7.4177282335996235,794.9078974754619,0
102.27115184399258,9.029962748875791,923.5046914358727,0
113.43146391185599,7.751132710781309,879.2223303589965,0
110.40615401807587,5.217062664274096,575.9958240337991,0
115.44636783471279,8.16575687797011,942.7069721829733,0
110.40327002223987,9.757016711033284,1077.2065505597143,0
117.0436300063708,8.008059100731657,937.2923064551866,0
111.0381367754897,9.09594429713395,1009.9967069673952,0
111.21875943070772,9.42103231674204,1047.7955268246558,0
117.5330720531669,6.140398859744662,721.6999416175533,0
108.06965732424794,6.060224199541134,654.9263525525251,1
102.68030456901282,8.05490494425496,827.0800929505464,0
100.57565352626678,7.055142349033524,709.5755524748876,0
115.10274511347238,9.199306514333601,1058.8654329400465,0
112.4061910270693,9.500115616990055,1067.8718108226283,0
114.08159536198447,6.7671068965135905,772.0023507393579,0
104.25928323017821,6.18435279487241,644.7761896359468,0
102.7274295117354,8.90262757621931,914.5440468053008,0
100.29089331335764,6.37403017774068,639.2571805319126,0
107.01175117613194,9.113071592568392,975.2057497142052,0
111.79835373709267,7.118691268243814,795.8579645522748,0
107.84488090199464,8.337749496457352,899.1836014361089,0
108.74949844047458,5.477676569173341,595.6945795167404,0
118.08317388987497,8.119296623382866,958.7523150423937,0
106.965109340466,7.258838393686146,776.4424424654112,0
110.27978978319622,7.933042315877371,874.8542389361565,0
115.67306025482286,5.840071038724317,675.5388891548039,0
107.9308556464254,8.68436872472091,937.311347208184,0
112.44173400455747,9.313985387716142,1047.2806674879137,0
117.2472741749349,6.083699000453878,713.2971247039933,0
118.99041247315284,5.478572777600808,651.8976345709068,0
102.94146961858075,5.118192930231682,526.8743020294795,1
118.53175250322988,8.20985750221633,973.1287975394911,0
109.84232586159077,8.035470180443903,882.6347340114148,0
105.16488776597916,7.73348706357035,813.2912990800276,0
109.18271512476522,6.159735480579878,672.5366442200616,0
119.60065150570955,6.954529979527573,831.7663164674866,0
109.8523618798574,7.972381675930865,875.7849569087015,0
106.57503220575016,7.483834294295847,797.5898809370774,0
112.66801708633452,9.938927601074436,1119.7992647776962,0
104.80291237556386,5.682198762783665,595.5109790365539,0
101.51726656217328,8.475722770237969,860.4322077733295,0
102.57759443821298,7.021593840521461,720.2582052828648,0
102.56091677915545,7.140998074628074,732.3873092520392,0
103.03805387024589,8.587988828290882,884.8896555265057,0
102.77654345298821,8.462180756621848,869.713688239986,0
112.81749489606429,9.956279968510941,1123.2425645312703,0
103.6376016879829,5.641971447270626,584.7203895872055,0
106.91334566647727,5.520548246920832,590.220282991512,0
117.93576819812023,8.621694085643705,1016.8061151595801,0
109.47923280525745,7.891934585032045,864.0029437185862,0
113.35115477042055,6.37080333279903,722.1379145880138,0
103.4463974240326,5.397096844944933,558.310225158166,0
103.84578037617342,5.428291247982153,563.705140755859,0
100.81737232532957,9.470954373320591,954.8367333312705,0
103.3787012614433,5.959336623593715,616.0684805268728,0
105.57180678063918,6.616857810577604,698.553634273262,0
103.54020968553493,6.1332820111349395,635.0413054934311,0
101.77405067514111,6.774981529159687,689.5173134718431,0
102.41271742201202,5.347119213730467,547.6130090575895,0
109.21557536065451,7.595298954541352,829.5249453564115,0
104.12667436811586,5.338062817961075,555.8347288023798,0
107.28539722096151,9.001782539111808,965.7598154053259,0
110.06834541709713,6.168560409552165,678.9632378848179,0
113.80789657258731,7.700059573022553,876.3275834893116,0
100.78624279682198,9.40039543780729,947.4305369809832,0
115.98820797818085,8.25438684523597,957.4115381375899,0
112.55800778981816,7.664788932756677,862.7333724005381,0
101.63518063897743,6.621668765576878,672.9945011208807,0
117.47157248213554,6.6650095652909895,782.9491542432072,0
118.41744801063626,8.347434775990951,988.4819236080856,0
101.22155919709728,9.970696806105838,1009.2494769955508,0
105.53755296294408,8.309195949246893,876.9322075731244,0
116.12402559586123,7.788917086850125,904.4804071574248,0
114.96519380767316,8.65325255119623,994.8228566150168,0
103.69042038712755,7.32602806141859,759.6389294563867,0
104.18698646673421,5.300711713003926,552.2651795067995,0
107.40944205582764,7.811484079389549,839.0271465952119,0
109.69045970382042,9.7881264225269,1073.664086926087,0
112.36509543060592,5.876514711788298,660.3151363894517,0
107.37827279139545,8.450024454103328,907.3490309266696,1
109.25069432266295,6.004668443295282,656.0141966073933,0
114.94941876267512,7.679138422365407,882.7124982490295,0
100.73366405781196,5.483382248233598,552.361185294133,0
105.04873888688041,7.251854681290926,761.7981888605318,0
114.26699171769104,8.78081664447623,1003.3575027889291,0
117.90413675374398,6.737857621194911,794.4212863966209,0
110.23354884231333,8.32455862243609,917.6456394970093,0
110.64226970530632,8.977249803948645,993.2632940203943,0
102.14344022679552,9.635889097397264,984.242862052028,0
108.9482473364691,6.173210409277267,672.5604545300054,0
110.65234532910046,6.996579579046541,774.1879397031902,1
104.8494100726946,5.7620800666520875,604.1506957801041,0
105.38486461898762,9.962417510791877,1049.8880206526335,1
107.54568326209245,9.635004839621477,1036.2031787106591,0
100.40142395555452,7.699785651402798,773.0694435533878,0
106.44158331166356,9.210166471882106,980.3447018311297,0
104.22896013993089,7.60478988636021,792.639341937988,0
106.54994704355829,8.117928440013799,864.964845386866,0
102.39524263638502,5.445622160580083,557.6058024386728,0
117.8105456147979,8.77635210248404,1033.9468297012236,0
111.87184907108097,5.638567418176174,630.7969631833196,1
113.58204638288979,9.130338151262642,1037.0424913881816,0
115.78342477214676,8.91014043835193,1031.6465751531834,0
109.96884397858115,8.543723488714882,939.5433953266258,0
101.73840576174847,5.180801902623811,527.0865261403798,0
110.74213083637096,6.515641779726643,721.5560544534128,0
111.73682236041758,6.315562849554214,705.6809242266919,0
114.9087894836866,6.800682037357595,781.4581405762128,0
108.63319092459359,5.438213733819193,590.7705108347274,0
102.55160605591128,9.684789115155315,993.1906780719854,0
105.67551811597448,7.769011203561881,820.9942841852123,0
107.26164592797271,6.527621553290118,700.1634318008079,0
112.91834482663202,6.984907585371417,788.7242033071273,0
111.41556609337823,7.236012702524178,806.204451510607,0
107.12193451795693,8.002971666803086,857.2938068403448,0
119.7303049758596,7.578397138482488,907.36380061869,0
112.11549638713774,9.596959866072087,1075.967919192111,0
104.74453583471988,7.484817414529151,783.9937258924841,0
102.03564945240808,9.960790074116563,1016.3556842715835,0
103.05718278368664,9.257124788725479,954.0132014030783,0
104.91915456769016,6.042552571786679,633.9795072626803,0
103.21362746519111,9.65297607321958,996.3186763516891,0
103.73134048102611,5.58183198942738,579.0109146031749,0
105.70190337387695,9.087248542455958,960.5394673690838,0
103.4674719058951,6.9031164673829,714.248009152062,0
117.9353084925285,9.389871602225348,1107.3974041136794,0
101.60467491323284,9.340283450537251,949.0164635892861,0
110.49022779140509,9.029627000588107,997.6855441664019,0
108.20793653979322,8.950152181535307,968.4774992810644,0
119.64757233817213,6.523395695490204,780.5084583666849,0
102.24077804336105,5.404596415256261,552.5701425061602,0
107.95711198091483,7.014900893825807,757.3084413297722,0
119.38940866550737,5.867622574932543,700.5319894935781,0
117.3101425178796,8.474755444512308,994.1747689999149,0
116.3414414189856,6.730498632688928,783.0359123955416,0
105.1580565408988,9.878051004299575,1038.7566460240168,0
103.41775174780132,8.20486038672666,848.5282145998668,0
113.37286439848862,9.112402818171805,1033.0992090489976,0
118.58751978255171,5.662623363709242,671.5164601650092,0
111.1352578602786,9.310072411363112,1034.6772981347053,0
111.432253789398,9.613785952566971,1071.285836143392,0
105.59958187320568,7.435309594094679,785.1655842342328,0
115.38985866383874,8.031264688754888,926.7264973273053,0
103.74087497115046,8.824049004514977,915.414564516693,0
106.47358472808487,5.874193136302063,625.4464006071923,0
108.50872877232834,7.512830382317212,815.2076742673662,0
110.1522075736891,6.993315138861566,770.3291008041016,0
104.8481946483016,5.731869960811245,600.9762173498904,0
102.29673649478407,6.837672111457657,699.4715422235178,1
112.21240084883266,5.340861546927468,599.3108967819416,0
105.77261106480512,5.129059534747435,542.5140192970707,0
111.62476442845224,5.675831445774114,633.563348070137,0
103.08725430548405,9.81557555794587,1011.8607336966594,0
109.62280203709635,7.747647679475085,849.3188478202661,0
110.65178865103172,9.8291108057661,1087.6086915072026,0
101.03647073644854,7.162489391650659,723.6726498196349,1
106.73208556387841,6.559080665426298,700.0643588026602,0
102.68829353877949,7.5307093142012205,773.3156886119157,0
101.26749940945535,7.197558443164551,728.8787453926866,0
119.7992046477989,5.52832342130872,662.2887489085831,0
106.44707689949446,8.204131573451031,873.3058244927124,0
116.1974889170927,6.080190912547998,706.5029161746038,0
105.09281309527528,8.097939774489149,851.0352711771837,0
113.63005444447859,8.251005461990767,937.562199867701,0
115.20455719779373,5.76012426564324,663.5925654276963,0
111.91277481215688,5.306748135553341,593.8929090790144,0
109.43152377100317,8.9038079303422,974.357269181689,0
108.23681828294536,7.299002118846601,790.0207659844327,0
106.97736533085991,5.290818977527379,565.9978746583931,0
118.59058288495652,9.974331585848836,1182.861796653646,0
116.61238815575459,5.288902804981833,616.7515868126007,0
119.30053821333026,8.475176144292766,1011.0930754669041,1
102.4859444697109,9.918394626317067,1016.49604090141,0
114.61734950407289,6.195900521079628,710.1576955170511,0
118.76680913642076,5.711246843435981,678.3065637853466,0
103.6246613233132,5.606924697112144,581.0156728035664,0
101.32992534733555,6.516375737837977,660.3038670503108,0
114.82241298580118,5.505229055053233,632.1236841407543,0
111.48946226359824,8.46080670847066,943.2907902436384,0
116.83657553516544,5.311458990650314,620.572679563049,0
102.79544753252578,7.547110640748949,775.8086158932756,0
115.9053462371978,9.983484269264885,1157.1392008827643,0
104.03254640095489,9.069851347530093,943.5597311616876,0
103.27311885731409,8.076097191155053,834.0437451253763,0
103.28531595861986,6.5312681039330585,674.584089725182,0
116.29149440462764,8.119479181458193,944.226367799036,0
113.303944413924,7.635207319558258,865.0991057240145,0
110.46130849538238,7.130416919451857,787.6351830402657,1
107.17660968247004,5.653551883700997,605.928523559015,0
117.54401081626216,9.433021076202333,1108.795131411156,0
107.84890214845271,7.248923244106613,781.7884136352984,1
116.33198878943153,5.973112559103825,694.8640632636789,0
108.78269817140436,6.838796754386448,743.9427631880008,1
107.53888858849815,7.070648762644636,760.3697095344438,0
109.25359571339213,9.137689477834371,998.3254319658337,0
106.02755748328283,8.66807190280701,919.0544919440991,0
114.95218760352502,8.846524468206699,1016.9273403084709,0
110.05440780184958,5.055156322143236,556.3422353792497,0
104.64425390293634,7.0807699908988075,740.9618927559071,0
117.99149146549136,7.406720758176618,873.9300291256742,0
107.67782442746423,5.0959613841152835,548.7220352079031,0
110.87105722227977,6.299066043725171,698.3841117807729,0
118.12944221929094,8.801449115610675,1039.7102747485606,0
112.48475991827985,5.685548528644995,639.5375612483615,0
102.33796081416727,7.6765506572629585,785.6025403509467,0
118.7966424722695,6.0760093600861875,721.8095116083218,0
112.55416106142836,5.060603873219466,569.592023414432,0
106.69811229314172,6.206007287997707,662.1692625068353,0
102.78544145326775,9.879368774550269,1015.4552807717782,0
115.88050378540592,9.007685559414949,1043.81514056553,0
112.40145511857027,9.797883221605167,1101.2963311902458,0
110.66922183952643,7.439270219631812,823.2982462606155,0
117.87785166101915,5.548680993387517,654.0665950528502,0
115.77194422449061,7.739797444868465,896.0513980961668,0
103.03349759465502,7.271886672799805,749.2479180105225,0
106.23444135591096,9.221785413698079,979.6712217283036,0
104.96978279628931,5.490412903921223,576.3274499865548,0
114.87892585145354,7.441205685108891,854.8377161450388,0
100.67064869471558,5.750243323469921,578.8807255261742,0
111.39779369742632,6.6233796344503,737.8298780982295,1
115.24917371481381,8.686785386938999,1001.1448380826387,0
117.53531273523498,7.380090646843833,867.4212621911726,0
106.84163497431815,6.879441425728847,735.0107696349243,0
116.42514609344026,6.972381392850177,811.7605222817664,0
102.21263473910415,7.297233842029933,745.8694973012351,0
116.92904583469036,8.925082719185284,1043.6014063500188,0
102.54977324663965,9.460423444701172,970.1642790712988,0
107.94574581120735,9.77667343251964,1055.3503052259491,0
115.94590731559107,8.934516931276475,1035.9206720233612,0
102.99834854697548,6.577034478740064,677.4236896467443,0
104.58502790465283,8.440673530432711,882.7680767143696,0
114.44505136786132,7.18801562027696,822.6328168955862,0
114.40073073092148,6.273353110230255,717.6761799434403,0
112.82295265770594,9.204357897129613,1038.4628352724362,0
113.878968889342,5.192131744811625,591.2746094367681,0
110.85448886695193,9.508809960677118,1054.094267923843,0
105.03598117813905,7.30738732312367,767.5385973329898,1
106.91391987007839,8.186007384041403,875.1981375132726,0
103.63195433602851,8.296769611028914,859.8104494666975,0
118.16901122667257,9.475588703532683,1119.7209478870855,0
111.66783589532241,8.183348410836036,913.8168074154859,1
108.0170283352728,8.06966792380031,871.6615487813801,0
109.24011607288266,5.33326020280345,582.6059636011346,1
118.94566679223631,7.59204010972602,903.0402731647644,1
103.0670280623216,5.750845004085209,592.7225034181122,0
111.72459664033595,8.687168843607427,970.5704349985335,1
110.11777357768932,7.561109604063372,832.6125553763425,0
112.22908470869295,8.401138896041767,942.8521288133666,0
100.36220367641681,5.208364503011921,522.7229390723019,0
117.44247817888302,5.423960080229016,637.0033133654289,0
118.64236564967224,8.581616940313411,1018.1433348980853,0
111.30266367178417,5.360421679993367,596.629211387242,0
113.93301647753785,5.356283638826293,610.2575520807624,1
118.44998762354592,5.060542376174437,599.4211818262918,0
114.14477268626797,9.7825069914974,1116.6220368462978,0
103.05078085828522,8.687541797295035,895.2579659502439,0
111.52576720333626,6.766257042510321,754.6120077609405,0
112.13430092765712,6.482677906438276,726.9305551776239,1
108.48261342604772,6.748516148729248,732.0966685620353,0
114.72888471249446,8.87326765590591,1018.020101917535,1
118.6873402953803,8.306853055352072,985.9182953642909,0
118.51137025813553,5.92597783933734,702.2957538592134,0
109.01678742808264,5.870546676670422,639.9881391372163,0
102.2647609168151,5.491978248566987,561.6358425500518,0
119.69682397924669,8.301513598506691,993.6648119617781,0
116.77796172891868,8.821863311108679,1030.1992161224011,0
102.49325362406533,6.32523214162502,648.2936221226631,0
118.41683765234745,5.104724805154564,604.4853685118991,0
117.39792724124257,5.410858337382137,635.2235534046588,0
110.37676114252145,9.839300174225151,1086.030085140019,0
111.82550871489859,6.477223887387101,724.3188562673556,0
107.9800540774026,8.846115739190669,955.2040558927707,0
101.09523277644062,8.12331784427132,821.2287083836229,0
106.70394483291801,6.909698198264479,737.292055359726,0
116.05706897196023,6.028436310977776,699.6426487362173,0
100.09264046009206,5.606932090797033,561.2126378482997,0
106.66998343382288,8.075064840194333,861.3670327305751,0
107.96337387181887,8.87316890318894,957.9772517227846,0
110.74791205875846,8.219521267705654,910.2948185209606,0
118.39711232825522,7.651510666245791,905.9167678323458,0
106.92691988731923,5.209756117158181,557.0631749718442,0
106.93906403792455,9.84244388797192,1052.541737225508,0
114.75002496219497,8.993570958272873,1032.012491961084,0
109.04435881779614,6.464110183504824,704.87475028787,0
104.49209645879964,9.899851646794254,1034.4562532046316,0
109.04879032265387,8.009407948181611,873.4162479498539,0
102.817140407596,7.912113291036232,813.5008631652787,0
103.52773973012447,8.740365897147662,904.8703257459589,0
109.9673554547896,9.058848940450687,996.1776614457849,0
108.37850899009096,8.282393036657513,897.6334081828531,0
118.296918021362,5.640478731831,667.2512501406477,1
107.24787798233267,6.6913375299724915,717.631750953093,0
111.61176700556086,9.640418201630249,1075.9841101565235,0
112.6452857583906,6.12307805921926,689.7358777016852,0
100.26188913176668,6.860835119187566,687.880290071315,0
113.27074744033422,7.16038441472098,811.0620946155655,0
103.56071933739503,7.1970249484722615,745.3290807529658,0
119.2214063493891,8.064697912472628,961.4846269079692,1
102.97325455506225,9.715379188723539,1000.4242142993832,0
108.29248247454048,6.203463559162525,671.7884687620583,0
101.70699336157287,5.60750688150459,570.3226651721616,0
119.93748503691894,5.987352449299687,718.1079947986411,0
110.04390020662485,9.434624501046347,1038.222877080122,0
111.90770034640087,8.229054063276031,920.8945162474266,0
101.34152954776854,6.4295339461958,651.5788043867826,0
114.99920940798356,9.079734694843086,1044.1623115411937,0
104.19811186191171,9.30684998181718,969.7561954874175,0
117.96108578881427,9.23257169345139,1089.0841815825977,0
104.10279280964015,9.594632668197772,998.8280567419974,0
103.81375441327333,6.261205100866808,649.999208672521,0
100.7309933569619,8.775209643731392,883.9355843286548,0
109.44133890219999,7.3026974863707,799.2169905061398,0
111.29682266525234,9.209992764450307,1025.042931453283,0
101.31417278856705,8.642453385808066,875.6030156468947,0
115.51055233390021,8.882237232498623,1025.992128686649,0
109.06577669496055,8.280809188405357,903.1528857961961,0
110.4878053865516,5.8871438473485345,650.4576036884795,1
108.81525493876457,7.725134594484691,840.6124903351214,0
108.01526121750652,9.92334869762254,1071.8731017261018,0
111.19280662616436,9.686940332485594,1077.118083189263,0
103.10480491861425,5.215868678985059,537.7811226278646,0
103.63856260990542,5.824074078647186,603.5986660446036,0
117.23571242027035,5.65864386727281,663.3951451123215,0
118.92230924267265,8.629899549926478,1026.2875830095581,0
107.46618632559506,9.088926649284726,976.7522847916988,0
105.41489346287108,6.067556831553359,639.6108569781129,0
112.87999086478031,7.529263464759145,849.9031911205365,0
108.17468342196193,9.203515140056,995.5873366447914,0
100.5077271132069,8.664007723831253,870.7997240135484,0
103.1230519473238,7.711186027459242,795.2010372851569,0
114.31944457694794,7.951738452293864,909.0383232873943,0
113.17847883820303,7.5418027345814,853.5697611977228,0
100.54191985006968,6.487742256594103,652.2900619703945,0
104.43944323865898,7.8251099642950805,817.2501279522609,0
104.62149593176143,8.444426510250453,883.4685337882262,0
113.43785487197457,9.366614579304038,1062.5286652888126,0
100.39421075508729,8.18145676989624,821.3708952405988,0
102.08217163969148,8.80560768521579,898.8955551139846,0
115.99832170746379,5.800358174772865,672.8318135758202,0
103.57089324108668,7.307787372098949,756.8740657442216,0
113.0549221570375,5.046658099135467,570.549538550943,0
104.76365562093453,6.233394322608115,653.033176163205,0
101.9888278551869,8.632308575565023,880.3990333061548,0
104.86344381998909,9.959049756746818,1044.340254667096,0
114.44533863711318,5.495890497936079,628.9790491487871,0
117.11392936212572,7.007471579306442,820.6725315459981,0
116.60439729133984,9.000354843495797,1049.4809519340188,0
107.9436705923691,6.020178173144494,649.8401296292797,0
113.36170273141292,7.7754247465114315,881.4353887245005,0
104.09968590831642,8.665356480148374,902.06088786704,0
105.86295460522027,8.079927251300894,855.3649718179488,0
117.9267163704224,5.940123673077081,700.4992796001926,0
100.26003847021472,6.7769228434286966,679.454544991838,0
101.71017061708936,8.918958922426986,907.1488337268603,0
104.15772510292055,7.771132570660083,809.4234900331653,0
100.5306440774764,5.026148067714564,505.28190247610854,0
103.62870870179594,8.804953800140469,912.4459924875279,0
111.66083121939384,5.176556774701195,578.01863231752,0
108.42849101184996,8.728668913656161,946.4363988497812,0
117.8534342215395,6.012402800826187,708.582318000569,0
116.34887123476882,9.790367400596901,1139.0981960331271,1
106.83634703395752,6.839703756510422,730.7289641400104,0
105.18846866862584,6.634658081690396,697.8895237529355,0
107.59384816334534,5.7444402516622235,618.0664322207546,0
111.80589885029616,6.528021077451074,729.8712642780961,0
105.36127281645753,9.383253809141003,988.6315644909695,0
112.48297815698268,9.981671688136236,1122.7681584668007,0
108.18823304382481,6.841547652534242,740.1749518128071,1
111.0409436170396,7.243053154772713,804.2754569743375,0
108.72253058270633,8.610354691013686,936.1395512216844,0
105.88931519083835,9.430978902325371,998.6398975464779,0
118.96906613924313,7.9652216709339205,947.6149837830702,0
115.27211588319521,6.957628490889147,802.0205576739944,0
102.80226351532905,7.063109204243119,726.1036136521471,0
117.36935951795826,8.478090732484034,995.0680792067886,0
109.74862396499027,5.0160913180213935,550.5091198355824,0
117.89104453788183,8.097946687299203,954.6753935777829,0
115.99710511894631,6.777465052206787,786.1663261008156,0
108.50427008938468,8.97098665638542,973.3903591327096,0
100.44938616640235,5.46495319911566,548.9511942792849,0
105.37354718769892,7.941011334741953,836.7725325994832,0
110.83268429321734,7.404864449430619,820.7010037578124,1
112.66956439652294,8.211627629526138,925.2005080051622,0
105.15775370866405,5.324267972414842,559.8880601221281,0
102.78712148145648,7.899918937140656,812.0099274855352,0
116.69860473598598,7.807422939797618,911.115363658112,0
119.68804361407103,7.8033004720808545,933.9617672361144,0
110.51380364605372,8.017438332982273,886.0376056755472,0
103.43358571696606,8.382339686131811,867.0154504342411,0
105.44614653038738,9.02494499840385,951.645672730379,0
100.36781353094933,6.3491036006410715,637.2456462778221,0
118.28597613120998,9.12524705090031,1079.3887548541882,0
102.35502165780282,7.491278411317268,766.7699640350097,1
111.53032951028507,5.385291395671656,600.6233238681627,0
105.48110441374412,5.292754646219896,558.2856054742501,0
111.08356005031587,6.671191593480303,741.0597119815317,0
113.02840776703728,8.924484885557337,1008.7203167555358,0
116.59483607414404,8.538404673704578,995.5338932652907,0
104.12842543521207,8.943074823362032,931.2282999059756,0
100.21991657316961,7.586345282208047,760.3028912781493,0
102.73771260137615,7.200994989777453,739.8137537037055,0
118.0003728369621,5.73726263353142,676.9991298202785,0
117.47780155125031,6.640963768046557,780.165823651617,0
111.94826204340616,7.170096830869376,802.679878898761,0
112.01033720867306,5.443002148398087,609.6725060696016,0
113.30073349092511,6.103059763556056,691.4811477498531,0
103.50742557246899,7.991126470318694,827.140928366699,0
118.28823891849919,8.678315571195949,1026.5426656957582,0
108.37541049784146,9.991737556964749,1082.8586593227542,0
107.66277056498996,9.66556665671779,1040.6216853428243,0
110.37835410565675,8.212825997675957,906.5182161796205,0
100.9393193355011,7.10624026647036,717.2990555320481,0
103.32566737512158,8.180886823541163,845.2955907627293,0
114.7606723285274,8.92825809040116,1024.6129011770513,0
101.65597335850254,5.591680954616937,568.4277701517854,0
112.06304218932776,7.049524448481441,789.9911556848732,0
104.90698219362642,9.199011428178085,965.0405280948444,0
107.78591228083953,6.91916475966522,745.7884858419515,1
105.773874735414,7.859361356135933,831.3151035842757,0
107.11345432929899,7.938846804310991,850.3573046008665,0
114.3809181036849,5.9223812656681964,677.4074065271917,0
105.9424343124635,6.811177208261442,721.5926939767863,0
111.32809280593794,6.672556443709661,742.8429830181684,0
109.521008043982,5.130983542660324,561.9504898492406,0
113.27342330725295,5.120958819456776,580.0685360953378,0
118.73659478649516,9.158485218378868,1087.4473482327573,0
114.651441944205,6.365354049864062,729.7970203022998,0
104.29880757181513,7.590393831194078,791.6690255940038,0
100.6236627012257,6.493627867943865,653.4126202912629,0
105.24528088599651,9.703396225576704,1021.2366613089386,0
111.9015586140051,6.296483794328869,704.5863503732252,0
101.02851626968501,7.148284063694676,722.1805328293076,0
109.92732494402473,9.36365125242301,1029.3211338876283,0
111.93685697833779,9.209667833959044,1030.9012711478715,1
106.68487781633922,5.930507089231386,632.695424203584,0
115.41824407491644,9.013216548978551,1040.2896275500825,0
102.13196506267543,7.290934433689463,744.6374608558295,0
101.50275563471618,7.414844360426776,752.6271351858525,0
114.56377512407207,5.667399862079719,649.278723337498,0
109.90982632412397,5.403007568785624,593.8436235131552,1
113.76804792855472,8.639696534868825,982.9214094671247,0
108.69654677207492,7.482305761776499,813.3007981979049,0
104.92804066478213,7.184253513075898,753.8296447661318,0
116.38204635348399,8.647541143261984,1006.4185341787761,0
115.98831757937958,8.82756449495555,1023.8943540933598,0
113.89392941708854,5.794540838346768,659.9630252471038,0
105.44290274459925,8.051125747388205,848.9340691663936,0
111.80461333738174,5.676770411388428,634.6891208503727,0
107.21947793880054,8.756875430145229,938.9076119952808,0
101.83164146653269,8.284775781335698,843.65231699559,0
118.34627150924486,9.78307310541729,1157.7902259285058,0
102.73637261837922,5.344790081782106,549.104345408984,0
119.00474707641605,5.285273605756272,628.9726486826826,0
108.92011545915912,6.410935373466001,698.2798210791242,0
